,Patient,indexType1,ImageState,ImageType
0,ID00371637202296828615743,0.009632,Exhalation,3
1,ID00371637202296828615743,2.733829,Inhalation,3
