,Patient,indexType1,ImageState,ImageType
0,ID00170637202238079193844,0.001115,Exhalation,3
1,ID00170637202238079193844,1.950267,Inhalation,3
