,Patient,indexType1,ImageState,ImageType
0,ID00020637202178344345685,1.542379,Exhalation,2
1,ID00020637202178344345685,3.752641,Inhalation,2
