,Patient,indexType1,ImageState,ImageType
0,ID00233637202260580149633,1.566515,Exhalation,3
1,ID00233637202260580149633,1.562262,Inhalation,3
