,Patient,indexType1,ImageState,ImageType
0,ID00014637202177757139317,2.020243,Exhalation,1
1,ID00014637202177757139317,14.85274,Inhalation,1
