,Patient,indexType1,ImageState,ImageType
0,ID00393637202302431697467,0.78694,Exhalation,3
1,ID00393637202302431697467,1.179041,Inhalation,3
