,Patient,indexType1,ImageState,ImageType
0,ID00105637202208831864134,1.589458,Exhalation,3
1,ID00105637202208831864134,1.433906,Inhalation,3
