,Patient,indexType1,ImageState,ImageType
0,ID00218637202258156844710,1.714238,Exhalation,3
1,ID00218637202258156844710,2.249697,Inhalation,3
