,Patient,indexType1,ImageState,ImageType
0,ID00086637202203494931510,1.968512,Exhalation,1
1,ID00086637202203494931510,14.623135,Inhalation,1
