,Patient,indexType1,ImageState,ImageType
0,ID00381637202299644114027,3.983455,Exhalation,3
1,ID00381637202299644114027,3.823527,Inhalation,3
