,Patient,indexType1,ImageState,ImageType
0,ID00172637202238316925179,2.582744,Exhalation,3
1,ID00172637202238316925179,2.534862,Inhalation,3
