,Patient,indexType1,ImageState,ImageType
0,ID00167637202237397919352,1.413806,Exhalation,2
1,ID00167637202237397919352,3.876564,Inhalation,2
