,Patient,indexType1,ImageState,ImageType
0,ID00099637202206203080121,0.002007,Exhalation,3
1,ID00099637202206203080121,2.733239,Inhalation,3
