,Patient,indexType1,ImageState,ImageType
0,ID00102637202206574119190,3.015617,Exhalation,2
1,ID00102637202206574119190,3.86154,Inhalation,2
