,Patient,indexType1,ImageState,ImageType
0,ID00398637202303897337979,0.742313,Exhalation,3
1,ID00398637202303897337979,1.080501,Inhalation,3
