,Patient,indexType1,ImageState,ImageType
0,ID00392637202302319160044,0.893478,Exhalation,3
1,ID00392637202302319160044,0.971684,Inhalation,3
