,Patient,indexType1,ImageState,ImageType
0,ID00062637202188654068490,0.718259,Exhalation,3
1,ID00062637202188654068490,0.956273,Inhalation,3
