,Patient,indexType1,ImageState,ImageType
0,ID00133637202223847701934,0.723327,Exhalation,3
1,ID00133637202223847701934,1.213638,Inhalation,3
