,Patient,indexType1,ImageState,ImageType
0,ID00047637202184938901501,0.734906,Exhalation,3
1,ID00047637202184938901501,1.136607,Inhalation,3
