,Patient,indexType1,ImageState,ImageType
0,ID00115637202211874187958,0.920123,Exhalation,3
1,ID00115637202211874187958,1.157878,Inhalation,3
