,Patient,indexType1,ImageState,ImageType
0,ID00019637202178323708467,1.485512,Exhalation,2
1,ID00019637202178323708467,3.963311,Inhalation,2
