,Patient,indexType1,ImageState,ImageType
0,ID00030637202181211009029,1.93419,Exhalation,2
1,ID00030637202181211009029,3.836671,Inhalation,2
