,Patient,indexType1,ImageState,ImageType
0,ID00104637202208063407045,0.672968,Exhalation,2
1,ID00104637202208063407045,3.618085,Inhalation,2
