,Patient,indexType1,ImageState,ImageType
0,ID00073637202198167792918,0.83848,Exhalation,3
1,ID00073637202198167792918,1.186528,Inhalation,3
