,Patient,indexType1,ImageState,ImageType
0,ID00110637202210673668310,1.062236,Exhalation,1
1,ID00110637202210673668310,4.49772,Inhalation,1
