,Patient,indexType1,ImageState,ImageType
0,ID00026637202179561894768,0.760454,Exhalation,3
1,ID00026637202179561894768,1.611392,Inhalation,3
