,Patient,indexType1,ImageState,ImageType
0,ID00273637202271319294586,0.786896,Exhalation,3
1,ID00273637202271319294586,1.286867,Inhalation,3
