,Patient,indexType1,ImageState,ImageType
0,ID00299637202280383305867,1.403219,Exhalation,3
1,ID00299637202280383305867,1.603045,Inhalation,3
