,Patient,indexType1,ImageState,ImageType
0,ID00199637202248141386743,1.278119,Exhalation,2
1,ID00199637202248141386743,3.96617,Inhalation,2
