,Patient,indexType1,ImageState,ImageType
0,ID00279637202272164826258,1.038347,Exhalation,2
1,ID00279637202272164826258,3.762482,Inhalation,2
