,Patient,indexType1,ImageState,ImageType
0,ID00131637202220424084844,1.834694,Exhalation,2
1,ID00131637202220424084844,3.962994,Inhalation,2
