,Patient,indexType1,ImageState,ImageType
0,ID00202637202249376026949,2.468061,Exhalation,3
1,ID00202637202249376026949,3.952071,Inhalation,3
