,Patient,indexType1,ImageState,ImageType
0,ID00296637202279895784347,1.01491,Exhalation,3
1,ID00296637202279895784347,1.194203,Inhalation,3
