,Patient,indexType1,ImageState,ImageType
0,ID00186637202242472088675,0.747335,Exhalation,3
1,ID00186637202242472088675,1.424672,Inhalation,3
