,Patient,indexType1,ImageState,ImageType
0,ID00417637202310901214011,1.202994,Exhalation,3
1,ID00417637202310901214011,1.158105,Inhalation,3
