,Patient,indexType1,ImageState,ImageType
0,ID00127637202219096738943,0.639222,Exhalation,3
1,ID00127637202219096738943,1.228269,Inhalation,3
