,Patient,indexType1,ImageState,ImageType
0,ID00339637202287377736231,0.001603,Exhalation,3
1,ID00339637202287377736231,1.981166,Inhalation,3
