,Patient,indexType1,ImageState,ImageType
0,ID00072637202198161894406,2.34162,Exhalation,2
1,ID00072637202198161894406,3.986296,Inhalation,2
