,Patient,indexType1,ImageState,ImageType
0,ID00419637202311204720264,0.005632,Exhalation,1
1,ID00419637202311204720264,20.675866,Inhalation,1
