,Patient,indexType1,ImageState,ImageType
0,ID00023637202179104603099,0.008874,Exhalation,3
1,ID00023637202179104603099,2.131394,Inhalation,3
