,Patient,indexType1,ImageState,ImageType
0,ID00401637202305320178010,2.185728,Exhalation,2
1,ID00401637202305320178010,3.872736,Inhalation,2
