,Patient,indexType1,ImageState,ImageType
0,ID00275637202271440119890,1.834313,Exhalation,3
1,ID00275637202271440119890,3.801466,Inhalation,3
