,Patient,indexType1,ImageState,ImageType
0,ID00035637202182204917484,0.809736,Exhalation,2
1,ID00035637202182204917484,3.544139,Inhalation,2
