,Patient,indexType1,ImageState,ImageType
0,ID00117637202212360228007,0.771412,Exhalation,3
1,ID00117637202212360228007,1.06302,Inhalation,3
