,Patient,indexType1,ImageState,ImageType
0,ID00229637202260254240583,1.267083,Exhalation,3
1,ID00229637202260254240583,3.987531,Inhalation,3
