,Patient,indexType1,ImageState,ImageType
0,ID00140637202231728595149,0.868992,Exhalation,3
1,ID00140637202231728595149,1.368145,Inhalation,3
