,Patient,indexType1,ImageState,ImageType
0,ID00134637202223873059688,1.129264,Exhalation,3
1,ID00134637202223873059688,1.212762,Inhalation,3
