,Patient,indexType1,ImageState,ImageType
0,ID00355637202295106567614,0.619399,Exhalation,3
1,ID00355637202295106567614,1.088959,Inhalation,3
