,Patient,indexType1,ImageState,ImageType
0,ID00122637202216437668965,1.294295,Exhalation,1
1,ID00122637202216437668965,13.866183,Inhalation,1
