,Patient,indexType1,ImageState,ImageType
0,ID00051637202185848464638,1.432126,Exhalation,3
1,ID00051637202185848464638,1.535046,Inhalation,3
