,Patient,indexType1,ImageState,ImageType
0,ID00009637202177434476278,1.149899,Exhalation,3
1,ID00009637202177434476278,1.537836,Inhalation,3
