,Patient,indexType1,ImageState,ImageType
0,ID00067637202189903532242,1.290167,Exhalation,1
1,ID00067637202189903532242,12.181346,Inhalation,1
