,Patient,indexType1,ImageState,ImageType
0,ID00228637202259965313869,0.003695,Exhalation,3
1,ID00228637202259965313869,1.962357,Inhalation,3
