,Patient,indexType1,ImageState,ImageType
0,ID00407637202308788732304,0.633436,Exhalation,3
1,ID00407637202308788732304,0.862307,Inhalation,3
