,Patient,indexType1,ImageState,ImageType
0,ID00168637202237852027833,1.201676,Exhalation,3
1,ID00168637202237852027833,1.565883,Inhalation,3
