,Patient,indexType1,ImageState,ImageType
0,ID00335637202286784464927,1.673415,Exhalation,2
1,ID00335637202286784464927,3.96907,Inhalation,2
