,Patient,indexType1,ImageState,ImageType
0,ID00061637202188184085559,1.340941,Exhalation,2
1,ID00061637202188184085559,3.97949,Inhalation,2
