,Patient,indexType1,ImageState,ImageType
0,ID00283637202278714365037,0.943351,Exhalation,3
1,ID00283637202278714365037,0.694195,Inhalation,3
