,Patient,indexType1,ImageState,ImageType
0,ID00090637202204766623410,1.258997,Exhalation,3
1,ID00090637202204766623410,1.317122,Inhalation,3
