,Patient,indexType1,ImageState,ImageType
0,ID00012637202177665765362,1.65096,Exhalation,3
1,ID00012637202177665765362,3.965193,Inhalation,3
