,Patient,indexType1,ImageState,ImageType
0,ID00291637202279398396106,0.796889,Exhalation,3
1,ID00291637202279398396106,1.265294,Inhalation,3
