,Patient,indexType1,ImageState,ImageType
0,ID00225637202259339837603,1.701923,Exhalation,3
1,ID00225637202259339837603,1.326223,Inhalation,3
