,Patient,indexType1,ImageState,ImageType
0,ID00130637202220059448013,1.263382,Exhalation,3
1,ID00130637202220059448013,1.194349,Inhalation,3
