,Patient,indexType1,ImageState,ImageType
0,ID00027637202179689871102,0.680608,Exhalation,3
1,ID00027637202179689871102,1.098446,Inhalation,3
