,Patient,indexType1,ImageState,ImageType
0,ID00414637202310318891556,0.845127,Exhalation,3
1,ID00414637202310318891556,0.980107,Inhalation,3
