,Patient,indexType1,ImageState,ImageType
0,ID00241637202264294508775,1.582914,Exhalation,3
1,ID00241637202264294508775,3.650772,Inhalation,3
