,Patient,indexType1,ImageState,ImageType
0,ID00123637202217151272140,0.002127,Exhalation,2
1,ID00123637202217151272140,2.284715,Inhalation,2
