,Patient,indexType1,ImageState,ImageType
0,ID00048637202185016727717,1.224715,Exhalation,2
1,ID00048637202185016727717,3.792252,Inhalation,2
