,Patient,indexType1,ImageState,ImageType
0,ID00222637202259066229764,0.000426,Exhalation,3
1,ID00222637202259066229764,1.599671,Inhalation,3
