,Patient,indexType1,ImageState,ImageType
0,ID00125637202218590429387,1.157235,Exhalation,2
1,ID00125637202218590429387,3.820742,Inhalation,2
