,Patient,indexType1,ImageState,ImageType
0,ID00408637202308839708961,1.229874,Exhalation,3
1,ID00408637202308839708961,1.145539,Inhalation,3
