,Patient,indexType1,ImageState,ImageType
0,ID00309637202282195513787,1.37872,Exhalation,3
1,ID00309637202282195513787,1.852885,Inhalation,3
