,Patient,indexType1,ImageState,ImageType
0,ID00319637202283897208687,0.754083,Exhalation,3
1,ID00319637202283897208687,1.055441,Inhalation,3
