,Patient,indexType1,ImageState,ImageType
0,ID00076637202199015035026,0.98079,Exhalation,3
1,ID00076637202199015035026,3.915713,Inhalation,3
