,Patient,indexType1,ImageState,ImageType
0,ID00255637202267923028520,0.811694,Exhalation,3
1,ID00255637202267923028520,0.943518,Inhalation,3
