,Patient,indexType1,ImageState,ImageType
0,ID00234637202261078001846,0.677491,Exhalation,3
1,ID00234637202261078001846,3.867668,Inhalation,3
