,Patient,indexType1,ImageState,ImageType
0,ID00331637202286306023714,1.177748,Exhalation,3
1,ID00331637202286306023714,1.158482,Inhalation,3
