,Patient,indexType1,ImageState,ImageType
0,ID00365637202296085035729,1.055094,Exhalation,3
1,ID00365637202296085035729,1.203614,Inhalation,3
