,Patient,indexType1,ImageState,ImageType
0,ID00341637202287410878488,1.673071,Exhalation,3
1,ID00341637202287410878488,1.410692,Inhalation,3
