,Patient,indexType1,ImageState,ImageType
0,ID00007637202177411956430,1.722517,Exhalation,2
1,ID00007637202177411956430,3.827207,Inhalation,2
