,Patient,indexType1,ImageState,ImageType
0,ID00351637202289476567312,0.95468,Exhalation,3
1,ID00351637202289476567312,1.508599,Inhalation,3
