,Patient,indexType1,ImageState,ImageType
0,ID00109637202210454292264,1.284077,Exhalation,2
1,ID00109637202210454292264,3.795307,Inhalation,2
