,Patient,indexType1,ImageState,ImageType
0,ID00221637202258717315571,1.370044,Exhalation,2
1,ID00221637202258717315571,3.837669,Inhalation,2
