,Patient,indexType1,ImageState,ImageType
0,ID00240637202264138860065,2.005376,Exhalation,1
1,ID00240637202264138860065,13.250623,Inhalation,1
