,Patient,indexType1,ImageState,ImageType
0,ID00276637202271694539978,0.808318,Exhalation,3
1,ID00276637202271694539978,1.142953,Inhalation,3
