,Patient,indexType1,ImageState,ImageType
0,ID00180637202240177410333,0.815273,Exhalation,2
1,ID00180637202240177410333,3.543594,Inhalation,2
