,Patient,indexType1,ImageState,ImageType
0,ID00197637202246865691526,0.00949,Exhalation,3
1,ID00197637202246865691526,2.076251,Inhalation,3
