,Patient,indexType1,ImageState,ImageType
0,ID00207637202252526380974,1.152048,Exhalation,3
1,ID00207637202252526380974,3.655386,Inhalation,3
