,Patient,indexType1,ImageState,ImageType
0,ID00343637202287577133798,1.131018,Exhalation,2
1,ID00343637202287577133798,4.274262,Inhalation,2
