,Patient,indexType1,ImageState,ImageType
0,ID00251637202267455595113,0.842668,Exhalation,3
1,ID00251637202267455595113,1.315551,Inhalation,3
