,Patient,indexType1,ImageState,ImageType
0,ID00219637202258203123958,1.108871,Exhalation,3
1,ID00219637202258203123958,1.219346,Inhalation,3
