,Patient,indexType1,ImageState,ImageType
0,ID00298637202280361773446,3.063389,Exhalation,3
1,ID00298637202280361773446,3.892984,Inhalation,3
