,Patient,indexType1,ImageState,ImageType
0,ID00196637202246668775836,0.63379,Exhalation,3
1,ID00196637202246668775836,1.019781,Inhalation,3
