,Patient,indexType1,ImageState,ImageType
0,ID00322637202284842245491,1.279235,Exhalation,2
1,ID00322637202284842245491,3.871798,Inhalation,2
