,Patient,indexType1,ImageState,ImageType
0,ID00126637202218610655908,1.270743,Exhalation,3
1,ID00126637202218610655908,3.945762,Inhalation,3
