,Patient,indexType1,ImageState,ImageType
0,ID00119637202215426335765,0.994759,Exhalation,3
1,ID00119637202215426335765,1.275326,Inhalation,3
