,Patient,indexType1,ImageState,ImageType
0,ID00337637202286839091062,1.07345,Exhalation,3
1,ID00337637202286839091062,1.382681,Inhalation,3
