,Patient,indexType1,ImageState,ImageType
0,ID00294637202279614924243,1.04859,Exhalation,2
1,ID00294637202279614924243,3.790467,Inhalation,2
