,Patient,indexType1,ImageState,ImageType
0,ID00368637202296470751086,1.010485,Exhalation,3
1,ID00368637202296470751086,0.842038,Inhalation,3
