,Patient,indexType1,ImageState,ImageType
0,ID00173637202238329754031,1.341125,Exhalation,3
1,ID00173637202238329754031,1.375206,Inhalation,3
