,Patient,indexType1,ImageState,ImageType
0,ID00305637202281772703145,1.05045,Exhalation,3
1,ID00305637202281772703145,1.034842,Inhalation,3
