,Patient,indexType1,ImageState,ImageType
0,ID00136637202224951350618,0.520983,Exhalation,3
1,ID00136637202224951350618,0.885436,Inhalation,3
