,Patient,indexType1,ImageState,ImageType
0,ID00249637202266730854017,2.724131,Exhalation,3
1,ID00249637202266730854017,2.544159,Inhalation,3
