,Patient,indexType1,ImageState,ImageType
0,ID00038637202182690843176,0.881779,Exhalation,3
1,ID00038637202182690843176,1.427521,Inhalation,3
