,Patient,indexType1,ImageState,ImageType
0,ID00135637202224630271439,0.831349,Exhalation,2
1,ID00135637202224630271439,3.911864,Inhalation,2
