,Patient,indexType1,ImageState,ImageType
0,ID00015637202177877247924,1.137596,Exhalation,3
1,ID00015637202177877247924,1.200926,Inhalation,3
