,Patient,indexType1,ImageState,ImageType
0,ID00032637202181710233084,1.13752,Exhalation,2
1,ID00032637202181710233084,3.813051,Inhalation,2
