,Patient,indexType1,ImageState,ImageType
0,ID00184637202242062969203,0.04545,Exhalation,3
1,ID00184637202242062969203,2.641625,Inhalation,3
