,Patient,indexType1,ImageState,ImageType
0,ID00052637202186188008618,1.083333,Exhalation,3
1,ID00052637202186188008618,1.132645,Inhalation,3
