,Patient,indexType1,ImageState,ImageType
0,ID00376637202297677828573,0.613788,Exhalation,3
1,ID00376637202297677828573,0.896062,Inhalation,3
