,Patient,indexType1,ImageState,ImageType
0,ID00307637202282126172865,0.739226,Exhalation,3
1,ID00307637202282126172865,1.125335,Inhalation,3
