,Patient,indexType1,ImageState,ImageType
0,ID00139637202231703564336,1.049824,Exhalation,3
1,ID00139637202231703564336,2.30628,Inhalation,3
