,Patient,indexType1,ImageState,ImageType
0,ID00235637202261451839085,0.748184,Exhalation,3
1,ID00235637202261451839085,0.958035,Inhalation,3
