,Patient,indexType1,ImageState,ImageType
0,ID00232637202260377586117,0.970975,Exhalation,2
1,ID00232637202260377586117,3.909845,Inhalation,2
