,Patient,indexType1,ImageState,ImageType
0,ID00149637202232704462834,1.341229,Exhalation,2
1,ID00149637202232704462834,3.800814,Inhalation,2
