,Patient,indexType1,ImageState,ImageType
0,ID00383637202300493233675,0.03473,Exhalation,3
1,ID00383637202300493233675,1.602693,Inhalation,3
