,Patient,indexType1,ImageState,ImageType
0,ID00336637202286801879145,0.565925,Exhalation,3
1,ID00336637202286801879145,1.112338,Inhalation,3
