,Patient,indexType1,ImageState,ImageType
0,ID00267637202270790561585,1.012775,Exhalation,2
1,ID00267637202270790561585,3.616878,Inhalation,2
