,Patient,indexType1,ImageState,ImageType
0,ID00312637202282607344793,1.268148,Exhalation,2
1,ID00312637202282607344793,3.812907,Inhalation,2
